file_name,file_size,score,strategy,tenpo_id,tenpo_name,torihikisaki_id,torihikisaki_name,zip_path
株式会社千寿菊_ミセサポ利用者登録申込書.docx,10522,92.0,torihikisaki,TENPO#0102,新橋バーラウンジ御殿,TORI#0048,株式会社千寿菊,店舗ごと契約書/株式会社千寿菊_ミセサポ利用者登録申込書.docx
【スポット】株式会社バレンタインブルーコーポレーション _ミセサポ利用者登録申込書.docx,10808,92.0,torihikisaki,TENPO#0139,日本橋玉ゐ本店,TORI#0005,株式会社バレンタインブルーコーポレーション,店舗ごと契約書/【スポット】株式会社バレンタインブルーコーポレーション _ミセサポ利用者登録申込書.docx
御座敷天婦羅　神楽坂 天孝_利用者申込書.docx.docx,10516,92.0,tenpo,TENPO#0108,御座敷天婦羅　神楽坂 天孝,TORI#0051,御座敷天婦羅　神楽坂 天孝,店舗ごと契約書/御座敷天婦羅　神楽坂 天孝_利用者申込書.docx.docx
ゴーゴーカレー 新宿東口駅前スタジアム_ミセサポ利用者登録申込書.docx,11165,92.0,tenpo,TENPO#0075,新宿東口駅前スタジアム,TORI#0035,株式会社 ゴーゴーカレーグループ,店舗ごと契約書/ゴーゴーカレー 新宿東口駅前スタジアム_ミセサポ利用者登録申込書.docx
THE MARK GRAND HOTEL_ミセサポ利用者登録申込書（料金表付き）.docx,399706,92.0,tenpo,TENPO#77f42e59665b,N,TORI#950551f38416,T,店舗ごと契約書/THE MARK GRAND HOTEL_ミセサポ利用者登録申込書（料金表付き）.docx
ミセサポ利用規約（株式会社Goonies）.docx,23812,92.0,tenpo,TENPO#77f42e59665b,N,TORI#950551f38416,T,店舗ごと契約書/ミセサポ利用規約（株式会社Goonies）.docx
貝出汁 中華そば 竹祥_ミセサポ利用者登録申込書.docx,10477,92.0,tenpo,TENPO#0064,竹祥,TORI#0028,株式会社テイクユー,店舗ごと契約書/株式会社テイクユー/貝出汁 中華そば 竹祥_ミセサポ利用者登録申込書.docx
北海道らーめん みそ熊　王子店 _ミセサポ利用者登録申込書.docx,11214,92.0,tenpo,TENPO#0088,王子店,TORI#0042,株式会社GRAST,店舗ごと契約書/株式会社GRAST/北海道らーめん みそ熊　王子店 _ミセサポ利用者登録申込書.docx
【スポット】シュハスカリア キ ボン！新虎通りcore店_ミセサポ利用者登録申込書.docx,10528,92.0,tenpo,TENPO#0136,新虎通りcore店,TORI#0074,株式会社goonies,店舗ごと契約書/株式会社キボン/【スポット】シュハスカリア キ ボン！新虎通りcore店_ミセサポ利用者登録申込書.docx
中華食堂 一番館 東陽町店_中華食堂 一番館 新小岩店_ミセサポ利用者登録申込書（料金表付き）.docx のコピー.docx,10543,92.0,tenpo,TENPO#0012,新小岩店,TORI#0010,株式会社友進,店舗ごと契約書/株式会社友進/中華食堂 一番館 東陽町店_中華食堂 一番館 新小岩店_ミセサポ利用者登録申込書（料金表付き）.docx のコピー.docx
泡盛と沖縄地料理 龍泉 ラゾーナ川崎店_ミセサポ利用者登録申込書.docx,11210,92.0,tenpo,TENPO#0037,ラゾーナ川崎,TORI#0020,株式会社 東亜フードサービス,店舗ごと契約書/JCC株式会社/泡盛と沖縄地料理 龍泉 ラゾーナ川崎店_ミセサポ利用者登録申込書.docx
楽が気　新橋本店_ミセサポ利用者登録申込書.docx,11166,92.0,tenpo,TENPO#0083,本店,TORI#0041,ニーハオ食品株式会社,店舗ごと契約書/株式会社ダイニングエッジ/楽が気　新橋本店_ミセサポ利用者登録申込書.docx
【スポット】株式会社バレンタインブルーコーポレーションミセサポ利用者登録申込書.docx_,10805,92.0,torihikisaki,TENPO#0139,日本橋玉ゐ本店,TORI#0005,株式会社バレンタインブルーコーポレーション,店舗ごと契約書/株式会社バレンタインブルーコーポレーション/【スポット】株式会社バレンタインブルーコーポレーションミセサポ利用者登録申込書.docx_
大勝軒まるいち 新宿東南口店_ミセサポ利用者登録申込書.docx,11184,92.0,tenpo,TENPO#0071,大勝軒まるいち 新宿東南口店,TORI#0032,株式会社エゴイプセ,店舗ごと契約書/株式会社エゴイプセ/大勝軒まるいち 新宿東南口店_ミセサポ利用者登録申込書.docx
atomic bar_ミセサポ利用者登録申込書.docx,11125,92.0,torihikisaki,TENPO#77f42e59665b,N,TORI#950551f38416,T,店舗ごと契約書/atomic bar/atomic bar_ミセサポ利用者登録申込書.docx
SMITH BURGER CLUB_ミセサポ利用者登録申込書（料金表付き）.docx,10474,92.0,torihikisaki,TENPO#77f42e59665b,N,TORI#950551f38416,T,店舗ごと契約書/有限会社ティーアンドティー/SMITH BURGER CLUB_ミセサポ利用者登録申込書（料金表付き）.docx
【定期】株式会社goonies カルニセリア横浜店_ミセサポ利用者登録申込書（料金表付き）.docx,10584,92.0,tenpo,TENPO#77f42e59665b,N,TORI#950551f38416,T,店舗ごと契約書/株式会社goonies/【定期】株式会社goonies カルニセリア横浜店_ミセサポ利用者登録申込書（料金表付き）.docx
麺処直久 青山店_ミセサポ利用者登録申込書.docx,11181,92.0,tenpo,TENPO#0038,青山店,TORI#0021,株式会社フォーシーズ,店舗ごと契約書/株式会社直久/麺処直久 青山店_ミセサポ利用者登録申込書.docx
立川酒場 魚丸 南口店_ミセサポ利用者登録申込書.docx,11324,92.0,tenpo,TENPO#0047,南口店,TORI#0024,H VIEW株式会社,店舗ごと契約書/H VIEW株式会社/立川酒場 魚丸 南口店_ミセサポ利用者登録申込書.docx
ゴーゴーカレー新宿東口駅前スタジアム_ミセサポ利用者登録申込書.docx,11149,92.0,tenpo,TENPO#0075,新宿東口駅前スタジアム,TORI#0035,株式会社 ゴーゴーカレーグループ,店舗ごと契約書/株式会社 ゴーゴーカレーグループ/ゴーゴーカレー新宿東口駅前スタジアム_ミセサポ利用者登録申込書.docx
【定期】串タロー 本店_ミセサポ利用者登録申込書（料金表付き）.docx,10669,92.0,tenpo,TENPO#0083,本店,TORI#0041,ニーハオ食品株式会社,店舗ごと契約書/株式会社スターツ/【定期】串タロー 本店_ミセサポ利用者登録申込書（料金表付き）.docx
大衆寿司酒場こがね_大衆焼肉酒場こがね_大衆串焼き酒場こがね_大衆寿司酒場 こがね商店_ミセサポ利用者登録申込書.docx,11287,92.0,tenpo,TENPO#0063,大衆串焼き酒場こがね,TORI#0027,株式会社元気Dining,店舗ごと契約書/株式会社元気Dining/大衆寿司酒場こがね_大衆焼肉酒場こがね_大衆串焼き酒場こがね_大衆寿司酒場 こがね商店_ミセサポ利用者登録申込書.docx
銀座竹の庵 5丁目本店_ミセサポ利用者登録申込書.docx,11153,92.0,tenpo,TENPO#0083,本店,TORI#0041,ニーハオ食品株式会社,店舗ごと契約書/アサヒナフードイノベーション株式会社/銀座竹の庵 5丁目本店_ミセサポ利用者登録申込書.docx
焼肉 松の屋_ミセサポ利用者登録申込書.docx,11081,92.0,tenpo,TENPO#0076,焼肉 松の屋,TORI#0036,焼肉 松の屋,店舗ごと契約書/焼肉 松の屋/焼肉 松の屋_ミセサポ利用者登録申込書.docx
株式会社馬力　神田店_ミセサポ利用者登録申込書.docx,11126,92.0,tenpo,TENPO#0010,神田店,TORI#0009,株式会社ティーアンドティー,店舗ごと契約書/株式会社 馬力/株式会社馬力　神田店_ミセサポ利用者登録申込書.docx
エノテカ　ドォーロ平河町店_ミセサポ利用者登録申込書.docx,11258,92.0,tenpo,TENPO#0045,平河町店,TORI#0022,メティウスフーズ,店舗ごと契約書/株式会社メティウスフーズ/エノテカ　ドォーロ平河町店_ミセサポ利用者登録申込書.docx
株式会社JCC.docx,9289,100.0,torihikisaki,TENPO#0046,ラゾーナ川崎店,TORI#0023,JCC株式会社,店舗ごと契約書/株式会社JCC/株式会社JCC.docx
【スポット】株式会社ラグーンインターナショナル_ミセサポ利用者登録申込書.docx,10669,92.0,torihikisaki,TENPO#0137,日比谷店,TORI#0075,株式会社ラグーンインターナショナル,店舗ごと契約書/株式会社ラグーンインターナショナル/【スポット】株式会社ラグーンインターナショナル_ミセサポ利用者登録申込書.docx
ピッツェリア ドォーロ 新橋店_ミセサポ利用者登録申込書.docx,11314,92.0,tenpo,TENPO#0053,新橋店,TORI#0026,株式会社オン・ザ・プラネット,店舗ごと契約書/株式会社メティウスフーズ/ピッツェリア ドォーロ 新橋店_ミセサポ利用者登録申込書.docx
株式会社オン・ザ・プラネット_ミセサポ利用者登録申込書.docx,11452,92.0,torihikisaki,TENPO#0053,新橋店,TORI#0026,株式会社オン・ザ・プラネット,店舗ごと契約書/株式会社オン・ザ・プラネット/株式会社オン・ザ・プラネット_ミセサポ利用者登録申込書.docx
株式会社肉屋食堂たけうち　蕨店_ミセサポ利用者登録申込書.docx,10532,92.0,tenpo,TENPO#0008,蕨店,TORI#0007,株式会社肉屋たけうちコーポレーション,店舗ごと契約書/株式会社肉屋食堂たけうち/株式会社肉屋食堂たけうち　蕨店_ミセサポ利用者登録申込書.docx
株式会社オン・ザ・プラネット_ミセサポ利用者登録申込書 ②.docx,11293,92.0,torihikisaki,TENPO#0053,新橋店,TORI#0026,株式会社オン・ザ・プラネット,店舗ごと契約書/株式会社オン・ザ・プラネット/株式会社オン・ザ・プラネット_ミセサポ利用者登録申込書 ②.docx
株式会社友電設 Mahaloh Import Shop_ミセサポ利用者登録申込書.docx,11132,92.0,torihikisaki,TENPO#77f42e59665b,N,TORI#950551f38416,T,店舗ごと契約書/株式会社友電設/株式会社友電設 Mahaloh Import Shop_ミセサポ利用者登録申込書.docx
いのこ平和台店_ミセサポ利用者登録申込書_.docx,11164,92.0,tenpo,TENPO#0067,平和台店,TORI#0030,合同会社いのこフード,店舗ごと契約書/株式会社いのこ/いのこ平和台店_ミセサポ利用者登録申込書_.docx
ラム肉専門店　隣のロッヂ_利用者申込書.docx.docx,10549,92.0,tenpo,TENPO#0109,隣のロッヂ,TORI#0037,株式会社CatchBall,店舗ごと契約書/株式会社CatchBall/ラム肉専門店　隣のロッヂ_利用者申込書.docx.docx
とんかつさくら_利用者申込書.docx.docx,10555,92.0,tenpo,TENPO#0107,とんかつさくら,TORI#0050,一般社団法人日本創世推進機構,店舗ごと契約書/一般社団法人日本創世推進機構/とんかつさくら_利用者申込書.docx.docx
カイロライン 国分寺整体院_利用者申込書.docx.docx,10843,92.0,tenpo,TENPO#0095,カイロライン 国分寺整体院,TORI#0046,株式会社アシュリップ,店舗ごと契約書/株式会社アシュリップ/カイロライン 国分寺整体院_利用者申込書.docx.docx
すし土風炉 登戸店_利用者申込書.docx.docx,10591,92.0,tenpo,TENPO#0111,すし土風炉 登戸店,TORI#0053,株式会社ラムラ,店舗ごと契約書/株式会社ラムラ/すし土風炉 登戸店_利用者申込書.docx.docx
ニクアザブ　西麻布店_利用者申込書.docx.docx,10594,92.0,tenpo,TENPO#0116,西麻布店,TORI#0056,株式会社カワイハイ,店舗ごと契約書/株式会社カワイハイ/ニクアザブ　西麻布店_利用者申込書.docx.docx
株式会社小肥羊ジャパン _利用者申込書.docx,399300,92.0,torihikisaki,TENPO#0019,火鍋 小肥羊 銀座店,TORI#0013,株式会社小肥羊ジャパン,店舗ごと契約書/株式会社小肥羊ジャパン /株式会社小肥羊ジャパン _利用者申込書.docx
cafe & dining MONKY TREE_利用者申込書.docx.docx,10503,92.0,tenpo,TENPO#77f42e59665b,N,TORI#950551f38416,T,店舗ごと契約書/株式会社エデュケーション/cafe & dining MONKY TREE_利用者申込書.docx.docx
でですけサイゴンキッチン_利用者申込書.docx.docx,10542,92.0,combo,TENPO#0118,サイゴンキッチン,TORI#0058,株式会社でですけ,店舗ごと契約書/株式会社でですけ/でですけサイゴンキッチン_利用者申込書.docx.docx
MASSIMOTTVIO_利用者申込書.docx.docx,10546,92.0,torihikisaki,TENPO#77f42e59665b,N,TORI#950551f38416,T,店舗ごと契約書/株式会社2M8/MASSIMOTTVIO_利用者申込書.docx.docx
デニーロ　神田店_利用者申込書.docx.docx,10493,92.0,tenpo,TENPO#0010,神田店,TORI#0009,株式会社ティーアンドティー,店舗ごと契約書/デニーロ　神田店/デニーロ　神田店_利用者申込書.docx.docx
FAST OYSTERS 神楽坂店_利用者申込書.docx.docx,10521,92.0,torihikisaki,TENPO#77f42e59665b,N,TORI#950551f38416,T,店舗ごと契約書/FAST OYSTERS /FAST OYSTERS 神楽坂店_利用者申込書.docx.docx
東京餃子楼  三軒茶屋本店_利用者申込書.docx.docx,10589,92.0,tenpo,TENPO#0083,本店,TORI#0041,ニーハオ食品株式会社,店舗ごと契約書/株式会社パズルフードサービス/東京餃子楼  三軒茶屋本店_利用者申込書.docx.docx
家庭料理居酒屋 焼肉Yakitaro 水道橋店_利用者申込書.docx.docx,11169,92.0,torihikisaki,TENPO#77f42e59665b,N,TORI#950551f38416,T,店舗ごと契約書/家庭料理居酒屋　焼肉Yakitaro　水道橋店/家庭料理居酒屋 焼肉Yakitaro 水道橋店_利用者申込書.docx.docx
ZANGIRI Next _利用者申込書.docx.docx,10508,92.0,tenpo,TENPO#77f42e59665b,N,TORI#950551f38416,T,店舗ごと契約書/株式会社ZANGIRI/ZANGIRI Next _利用者申込書.docx.docx
東京餃子楼  工場_利用録申込書.docx.docx,10546,92.0,tenpo,TENPO#0113,工場,TORI#0055,株式会社パズルフードサービス,店舗ごと契約書/株式会社パズルフードサービス/東京餃子楼  工場_利用録申込書.docx.docx
富士屋本店 日本橋浜町_ミセサポ利用者登録申込書（料金表付き）.docx,10732,92.0,tenpo,TENPO#0083,本店,TORI#0041,ニーハオ食品株式会社,店舗ごと契約書/株式会社ダイニング富士屋本店 pdf/富士屋本店 日本橋浜町_ミセサポ利用者登録申込書（料金表付き）.docx
立呑 富士屋本店 _ミセサポ利用者登録申込書.docx,11097,92.0,tenpo,TENPO#0083,本店,TORI#0041,ニーハオ食品株式会社,店舗ごと契約書/株式会社ダイニング富士屋本店 pdf/立呑 富士屋本店 _ミセサポ利用者登録申込書.docx
油そば 雷神 市川店_利用者申込書.docx,152498,92.0,combo,TENPO#0119,市川店,TORI#0059,株式会社雷神,店舗ごと契約書/株式会社雷神/油そば 雷神 市川店_利用者申込書.docx
ニーハオ食品株式会社_ミセサポ利用者登録申込書.docx,11129,92.0,torihikisaki,TENPO#0083,本店,TORI#0041,ニーハオ食品株式会社,店舗ごと契約書/ニーハオ食品株式会社/ニーハオ食品株式会社_ミセサポ利用者登録申込書.docx
北海道らーめん　みそ熊　北千住店_ミセサポ利用者登録申込書.docx のコピー.docx,11337,92.0,tenpo,TENPO#0089,北千住店,TORI#0043,株式会社 GRAST,店舗ごと契約書/株式会社 GRAST/北海道らーめん　みそ熊　北千住店_ミセサポ利用者登録申込書.docx のコピー.docx
ラ・フェス　神田小川町店_利用者申込書.docx,10469,92.0,torihikisaki,TENPO#0123,神田小川町店 店舗未設定,TORI#0063,ラフェス,店舗ごと契約書/ラ・フェス/ラ・フェス　神田小川町店_利用者申込書.docx
ニーハオ神田店_ミセサポ利用者登録申込書_.docx,11151,92.0,tenpo,TENPO#0010,神田店,TORI#0009,株式会社ティーアンドティー,店舗ごと契約書/ニーハオ食品株式会社/ニーハオ神田店_ミセサポ利用者登録申込書_.docx
マッスルボディメイク_利用者申込書.docx,10573,92.0,tenpo,TENPO#0127,マッスルボディメイク,TORI#0067,株式会社マッスルボディメイク,店舗ごと契約書/株式会社マッスルボディメイク/マッスルボディメイク_利用者申込書.docx
渋谷店 カラオケパセラ_利用者申込書.docx.docx,10624,92.0,tenpo,TENPO#0014,渋谷店,TORI#0011,GOSSO株式会社,店舗ごと契約書/株式会社ニュートン/渋谷店 カラオケパセラ_利用者申込書.docx.docx
上野御徒町店 カラオケパセラ_利用者申込書.docx.docx,10640,92.0,tenpo,TENPO#0093,上野御徒町店,TORI#0045,株式会社ニュートン,店舗ごと契約書/株式会社ニュートン/上野御徒町店 カラオケパセラ_利用者申込書.docx.docx
宮崎辛麺　辛麺屋一輪_利用者申込書.docx,10497,92.0,tenpo,TENPO#0125,宮崎辛麺　辛麺屋一輪,TORI#0065,株式会社FELICE,店舗ごと契約書/株式会社FELICE/宮崎辛麺　辛麺屋一輪_利用者申込書.docx
上野駅前店 カラオケパセラ_利用者申込書.docx.docx,10637,92.0,tenpo,TENPO#0092,上野駅前店,TORI#0045,株式会社ニュートン,店舗ごと契約書/株式会社ニュートン/上野駅前店 カラオケパセラ_利用者申込書.docx.docx
麹町店 デイジイ_利用者申込書.docx,10498,92.0,tenpo,TENPO#0042,麹町店,TORI#0022,メティウスフーズ,店舗ごと契約書/株式会社デイジイ/麹町店 デイジイ_利用者申込書.docx
西新宿店 デイジイ_利用者申込書.docx,10501,92.0,torihikisaki,TENPO#0017,麹町店,TORI#0012,株式会社デイジイ,店舗ごと契約書/株式会社デイジイ/西新宿店 デイジイ_利用者申込書.docx
CONA 千葉駅前店_利用者申込書.docx,10501,92.0,tenpo,TENPO#77f42e59665b,N,TORI#950551f38416,T,店舗ごと契約書/株式会社INGS/CONA 千葉駅前店_利用者申込書.docx
やきとり大吉 桜ヶ丘店_利用者申込書.docx,10550,92.0,tenpo,TENPO#0124,桜ヶ丘店,TORI#0064,ダイキチシステム㈱,店舗ごと契約書/ダイキチシステム株式会社/やきとり大吉 桜ヶ丘店_利用者申込書.docx
Aphrodite(ニューハーフバー)_利用者申込書.docx,10463,92.0,torihikisaki,TENPO#77f42e59665b,N,TORI#950551f38416,T,店舗ごと契約書/合同会社SKTC/Aphrodite(ニューハーフバー)_利用者申込書.docx
蕎麦割烹居酒屋　更科天狐_利用者申込書.docx,10521,92.0,tenpo,TENPO#0030,蕎麦割烹居酒屋　更科天狐,TORI#0017,株式会社エイトシナジー,店舗ごと契約書/株式会社エイトシナジー/蕎麦割烹居酒屋　更科天狐_利用者申込書.docx
ワイン食堂がっと 渋谷円山町店_利用者申込書.docx,10438,92.0,combo,TENPO#0130,渋谷円山町店,TORI#0070,株式会社がっと,店舗ごと契約書/株式会社がっと/ワイン食堂がっと 渋谷円山町店_利用者申込書.docx
ビストロ エヴォルテ_利用者申込書.docx,10478,92.0,tenpo,TENPO#0128,ビストロ エヴォルテ,TORI#0068,株式会社名店館,店舗ごと契約書/株式会社名店館/ビストロ エヴォルテ_利用者申込書.docx
発酵デリカテッセンカフェテリアKouji&ko_利用者申込書.docx,10562,92.0,tenpo,TENPO#0120,発酵デリカテッセンカフェテリアKouji&ko,TORI#0060,株式会社フードアンドパートナーズ,店舗ごと契約書/株式会社フードアンドパートナーズ /発酵デリカテッセンカフェテリアKouji&ko_利用者申込書.docx
ニーハオ食品株式会社（証印済み）.pdf,1090338,92.0,torihikisaki,TENPO#0083,本店,TORI#0041,ニーハオ食品株式会社,店舗ごと契約書/ニーハオ食品株式会社/ニーハオ食品株式会社（証印済み）.pdf
米と魚　さかなさま_利用者申込書.docx,10519,92.0,tenpo,TENPO#0129,米と魚　さかなさま,TORI#0069,合同会社FOOD GROOVE JAPAN,店舗ごと契約書/合同会社FOOD GROOVE JAPAN/米と魚　さかなさま_利用者申込書.docx
麺と肴　担々麺 ペン坊_利用者申込書.docx,10480,92.0,tenpo,TENPO#0032,麺と肴　担々麺 ペン坊,TORI#0018,株式会社クラフトマスタージャパン,店舗ごと契約書/麺と肴　担々麺 ペン坊/麺と肴　担々麺 ペン坊_利用者申込書.docx
片山鶏肉店_利用者申込書.docx,10431,92.0,tenpo,TENPO#0131,片山鶏肉店,TORI#0071,Japrise,店舗ごと契約書/Japrise株式会社/片山鶏肉店_利用者申込書.docx
dining Bar TRANSAM赤坂_利用者申込書.docx,10449,92.0,tenpo,TENPO#77f42e59665b,N,TORI#950551f38416,T,店舗ごと契約書/合同会社TRANZAM/dining Bar TRANSAM赤坂_利用者申込書.docx
早稲田別館 武蔵野油学会_利用者申込書.docx.docx,398846,92.0,tenpo,TENPO#0082,別館,TORI#0041,ニーハオ食品株式会社,店舗ごと契約書/株式会社ギガデイン/早稲田別館 武蔵野油学会_利用者申込書.docx.docx
早稲田総本店 武蔵野油学会_利用者申込書.docx.docx,398825,92.0,tenpo,TENPO#0083,本店,TORI#0041,ニーハオ食品株式会社,店舗ごと契約書/株式会社ギガデイン/早稲田総本店 武蔵野油学会_利用者申込書.docx.docx
代々木店 武蔵野油学会_利用者申込書.docx.docx,11205,92.0,tenpo,TENPO#0048,代々木店,TORI#0025,株式会社ギガデイン,店舗ごと契約書/株式会社ギガデイン/代々木店 武蔵野油学会_利用者申込書.docx.docx
Bar ANIME HOLIC アニメホリック_利用者申込書.docx.docx,10619,92.0,tenpo,TENPO#77f42e59665b,N,TORI#950551f38416,T,店舗ごと契約書/株式会社スモールズ/Bar ANIME HOLIC アニメホリック_利用者申込書.docx.docx
鮨 輝らく_利用者申込書.docx,10510,92.0,tenpo,TENPO#0031,鮨 輝らく,TORI#0018,株式会社クラフトマスタージャパン,店舗ごと契約書/株式会社クラフトマスタージャパン/鮨 輝らく_利用者申込書.docx
ディストピアBar KARMA カルマ_利用者申込書.docx.docx,10627,92.0,tenpo,TENPO#0105,ディストピアBar KARMA　カルマ,TORI#0049,株式会社スモールズ,店舗ごと契約書/株式会社スモールズ/ディストピアBar KARMA カルマ_利用者申込書.docx.docx
鮨 輝らく(分割払い分)_利用者申込書.docx,10345,92.0,tenpo,TENPO#0031,鮨 輝らく,TORI#0018,株式会社クラフトマスタージャパン,店舗ごと契約書/株式会社クラフトマスタージャパン/鮨 輝らく(分割払い分)_利用者申込書.docx
Bar 灯鏡 tokyo 歌舞伎町レッドのれん街_利用者申込書.docx.docx,10628,92.0,torihikisaki,TENPO#77f42e59665b,N,TORI#950551f38416,T,店舗ごと契約書/株式会社スモールズ/Bar 灯鏡 tokyo 歌舞伎町レッドのれん街_利用者申込書.docx.docx
オイスター&珍味 bar 不夜城_利用者申込書.docx.docx,10637,92.0,tenpo,TENPO#0106,オイスター&珍味 bar 不夜城,TORI#0049,株式会社スモールズ,店舗ごと契約書/株式会社スモールズ/オイスター&珍味 bar 不夜城_利用者申込書.docx.docx
Japanese Bar 猪鹿蝶_利用者申込書.docx.docx,10611,92.0,tenpo,TENPO#77f42e59665b,N,TORI#950551f38416,T,店舗ごと契約書/株式会社スモールズ/Japanese Bar 猪鹿蝶_利用者申込書.docx.docx
0秒レモンサワー 仙台ホルモン焼肉酒場 ときわ亭 渋谷店_利用者申込書.docx.docx,10538,92.0,tenpo,TENPO#0014,渋谷店,TORI#0011,GOSSO株式会社,店舗ごと契約書/株式会社GOSSO/0秒レモンサワー 仙台ホルモン焼肉酒場 ときわ亭 渋谷店_利用者申込書.docx.docx
0秒レモンサワー 仙台ホルモン焼肉酒場 ときわ亭 池袋東口店_ミセサポ利用者登録申込書.docx,11286,92.0,tenpo,TENPO#0013,池袋東口店,TORI#0011,GOSSO株式会社,店舗ごと契約書/株式会社GOSSO/0秒レモンサワー 仙台ホルモン焼肉酒場 ときわ亭 池袋東口店_ミセサポ利用者登録申込書.docx
CRAFT CHEESE MARKET 渋谷駅前店_ミセサポ利用者登録申込書.docx,11149,92.0,torihikisaki,TENPO#77f42e59665b,N,TORI#950551f38416,T,店舗ごと契約書/株式会社GOSSO/CRAFT CHEESE MARKET 渋谷駅前店_ミセサポ利用者登録申込書.docx
代々木店 炭火焼ホルモンまんてん_利用者申込書.docx,10484,92.0,torihikisaki,TENPO#0023,中野店,TORI#0015,株式会社まんてん,店舗ごと契約書/株式会社まんてん/代々木店 炭火焼ホルモンまんてん_利用者申込書.docx
中野店 炭火焼きホルモンまんてん_利用者申込書.docx,10499,92.0,tenpo,TENPO#0023,中野店,TORI#0015,株式会社まんてん,店舗ごと契約書/株式会社まんてん/中野店 炭火焼きホルモンまんてん_利用者申込書.docx
中目黒本店 炭火焼ホルモンまんてん_利用者申込書.docx,10467,92.0,tenpo,TENPO#0083,本店,TORI#0041,ニーハオ食品株式会社,店舗ごと契約書/株式会社まんてん/中目黒本店 炭火焼ホルモンまんてん_利用者申込書.docx
はなれ新橋3号店 ホルモン屋 だん_利用者申込書.docx.docx,10600,92.0,tenpo,TENPO#0099,はなれ新橋3号店,TORI#0047,株式会社ビック・バン,店舗ごと契約書/株式会社ビック・バン/はなれ新橋3号店 ホルモン屋 だん_利用者申込書.docx.docx
新橋2号店 ホルモン屋 だん_利用者申込書.docx.docx,10593,92.0,tenpo,TENPO#0100,新橋2号店,TORI#0047,株式会社ビック・バン,店舗ごと契約書/株式会社ビック・バン/新橋2号店 ホルモン屋 だん_利用者申込書.docx.docx
生ラムかんな　新橋店_利用者申込書.docx.docx,10572,92.0,tenpo,TENPO#0053,新橋店,TORI#0026,株式会社オン・ザ・プラネット,店舗ごと契約書/株式会社ビック・バン/生ラムかんな　新橋店_利用者申込書.docx.docx
ラムと泡 株式会社ビック・バン_利用者申込書.docx.docx,11168,92.0,torihikisaki,TENPO#0101,新橋総本店,TORI#0047,株式会社ビック・バン,店舗ごと契約書/株式会社ビック・バン/ラムと泡 株式会社ビック・バン_利用者申込書.docx.docx
新橋総本店 ホルモン屋 だん_利用者申込書.docx.docx,10577,92.0,tenpo,TENPO#0101,新橋総本店,TORI#0047,株式会社ビック・バン,店舗ごと契約書/株式会社ビック・バン/新橋総本店 ホルモン屋 だん_利用者申込書.docx.docx
肉汁屋 新橋店　株式会社ビック・バン_利用者申込書.docx.docx,11160,92.0,torihikisaki,TENPO#0101,新橋総本店,TORI#0047,株式会社ビック・バン,店舗ごと契約書/株式会社ビック・バン/肉汁屋 新橋店　株式会社ビック・バン_利用者申込書.docx.docx
Darts Bar A_s  水道橋店_利用者申込書.docx,10515,92.0,torihikisaki,TENPO#77f42e59665b,N,TORI#950551f38416,T,店舗ごと契約書/株式会社 Dart Ace/Darts Bar A_s  水道橋店_利用者申込書.docx
Darts Bar A_s  大塚店_利用者申込書.docx,10511,92.0,torihikisaki,TENPO#77f42e59665b,N,TORI#950551f38416,T,店舗ごと契約書/株式会社 Dart Ace/Darts Bar A_s  大塚店_利用者申込書.docx
Darts Bar A_s  日本橋茅場町店_利用者申込書.docx,10498,92.0,torihikisaki,TENPO#77f42e59665b,N,TORI#950551f38416,T,店舗ごと契約書/株式会社 Dart Ace/Darts Bar A_s  日本橋茅場町店_利用者申込書.docx
Darts Bar A_s  神楽坂店_利用者申込書.docx,10463,92.0,torihikisaki,TENPO#77f42e59665b,N,TORI#950551f38416,T,店舗ごと契約書/株式会社 Dart Ace/Darts Bar A_s  神楽坂店_利用者申込書.docx
Darts Bar A_s  高円寺店_利用者申込書.docx,10510,92.0,torihikisaki,TENPO#77f42e59665b,N,TORI#950551f38416,T,店舗ごと契約書/株式会社 Dart Ace/Darts Bar A_s  高円寺店_利用者申込書.docx
