torihikisaki_id,name,jotai
TORI#0001,ネパール・インド・チベット料理　maya,yuko
TORI#0002,株式会社マエザワフーズ,yuko
TORI#0003,株式会社たき航グループ,yuko
TORI#0004,ただいま変身中,yuko
TORI#0005,株式会社バレンタインブルーコーポレーション,yuko
TORI#0006,株式会社テラケン,yuko
TORI#0007,株式会社肉屋たけうちコーポレーション,yuko
TORI#0008,有限会社ティーアンドティー,yuko
TORI#0009,株式会社ティーアンドティー,yuko
TORI#0010,株式会社友進,yuko
TORI#0011,GOSSO株式会社,yuko
TORI#0012,株式会社デイジイ,yuko
TORI#0013,株式会社小肥羊ジャパン,yuko
TORI#0014,株式会社エデュケーション,yuko
TORI#0015,株式会社まんてん,yuko
TORI#0016,株式会社 Dart Ace,yuko
TORI#0017,株式会社エイトシナジー,yuko
TORI#0018,株式会社クラフトマスタージャパン,yuko
TORI#0019,株式会社とくやまホールディングス,yuko
TORI#0020,株式会社 東亜フードサービス,yuko
TORI#0021,株式会社フォーシーズ,yuko
TORI#0022,メティウスフーズ,yuko
TORI#0023,JCC株式会社,yuko
TORI#0024,H VIEW株式会社,yuko
TORI#0025,株式会社ギガデイン,yuko
TORI#0026,株式会社オン・ザ・プラネット,yuko
TORI#0027,株式会社元気Dining,yuko
TORI#0028,株式会社テイクユー,yuko
TORI#0029,株式会社Plan・Do・See,yuko
TORI#0030,合同会社いのこフード,yuko
TORI#0031,株式会社馬力,yuko
TORI#0032,株式会社エゴイプセ,yuko
TORI#0033,株式会社ダイニング富士屋本店,yuko
TORI#0034,たまき新宿2代目店,yuko
TORI#0035,株式会社 ゴーゴーカレーグループ,yuko
TORI#0036,焼肉 松の屋,yuko
TORI#0037,株式会社CatchBall,yuko
TORI#0038,株式会社ダイニングエッジ,yuko
TORI#0039,株式会社PET’S MOST,yuko
TORI#0040,株式会社友電設,yuko
TORI#0041,ニーハオ食品株式会社,yuko
TORI#0042,株式会社GRAST,yuko
TORI#0043,株式会社 GRAST,yuko
TORI#0044,株式会社GOSSO,yuko
TORI#0045,株式会社ニュートン,yuko
TORI#0046,株式会社アシュリップ,yuko
TORI#0047,株式会社ビック・バン,yuko
TORI#0048,株式会社千寿菊,yuko
TORI#0049,株式会社スモールズ,yuko
TORI#0050,一般社団法人日本創世推進機構,yuko
TORI#0051,御座敷天婦羅　神楽坂 天孝,yuko
TORI#0052,株式会社2M8,yuko
TORI#0053,株式会社ラムラ,yuko
TORI#0054,板前寿司ジャパン,yuko
TORI#0055,株式会社パズルフードサービス,yuko
TORI#0056,株式会社カワイハイ,yuko
TORI#0057,株式会社ZANGIRI,yuko
TORI#0058,株式会社でですけ,yuko
TORI#0059,株式会社雷神,yuko
TORI#0060,株式会社フードアンドパートナーズ,yuko
TORI#0061,ベトナムパレス船橋,yuko
TORI#0062,有限会社タカネット,yuko
TORI#0063,ラフェス,yuko
TORI#0064,ダイキチシステム㈱,yuko
TORI#0065,株式会社FELICE,yuko
TORI#0066,合同会社SKTC,yuko
TORI#0067,株式会社マッスルボディメイク,yuko
TORI#0068,株式会社名店館,yuko
TORI#0069,合同会社FOOD GROOVE JAPAN,yuko
TORI#0070,株式会社がっと,yuko
TORI#0071,Japrise,yuko
TORI#0072,株式会社 東神,yuko
TORI#0073,㈱ロイヤルストレートフラッシュ,yuko
TORI#0074,株式会社goonies,yuko
TORI#0075,株式会社ラグーンインターナショナル,yuko
